video_id,title,channel_title,category_name,country,views,likes,dislikes,comment_count,like_ratio,comment_ratio,title_sentiment,publish_time,publish_day,publish_hour
JltGeM1-M5s,Let's Learn about Emotions the Fun Way! ğŸ˜±ğŸ˜‚ğŸ˜¡ #kidssong #funny #art,MEOWJI,Howto & Style,PK,128267520,1694755,0,0,1,0,0.312,2025-04-22 11:00:26+00:00,Tuesday,11
aHoAICTzjKc,DIY Bamboo Creations with new Three Clour Balloone Slingshots #Bamboo #Bambooart,Bamboo Art,People & Blogs,PK,118002682,2359799,0,2013,1,0,0.136,2025-05-04 01:00:01+00:00,Sunday,1
VQRLujxTm3c,Grand Theft Auto VI Trailer 2,Rockstar Games,Gaming,IN,102557776,5764661,0,473463,1,0.0046,0.5,2025-05-06 13:29:04+00:00,Tuesday,13
VQRLujxTm3c,Grand Theft Auto VI Trailer 2,Rockstar Games,Gaming,FR,102557776,5764661,0,473464,1,0.0046,0.5,2025-05-06 13:29:04+00:00,Tuesday,13
VQRLujxTm3c,Grand Theft Auto VI Trailer 2,Rockstar Games,Gaming,IT,102557776,5764661,0,473464,1,0.0046,0.5,2025-05-06 13:29:04+00:00,Tuesday,13
v9muEuZEgII,ã€National food ã€‘Which countryâ€™s food is this?ğŸ«˜ğŸ¥šğŸ¥¬,ISSEI / ã„ã£ã›ã„,Entertainment,PK,84812038,2521844,0,3798,1,0,0,2025-05-06 11:01:29+00:00,Tuesday,11
v9muEuZEgII,ã€National food ã€‘Which countryâ€™s food is this?ğŸ«˜ğŸ¥šğŸ¥¬,ISSEI / ã„ã£ã›ã„,Entertainment,IT,84812038,2521844,0,3798,1,0,0,2025-05-06 11:01:29+00:00,Tuesday,11
vlPDhY7wXaU,wow,dednahype,Comedy,PK,84798046,1008814,0,1058,1,0,0.1,2025-05-02 12:59:15+00:00,Friday,12
BOmTTKTQceM,CRAZIEST IMPOSSIBLE SHOT YET ğŸ¤¯ğŸ’ @AlwaysHockey,Dude Perfect,Sports,PK,78144738,3555000,0,2751,1,0,-0.667,2025-05-01 19:49:30+00:00,Thursday,19
c5Y85Cy54h8,ğŸ¤Me And My Boss Working Together At The StudioğŸ’€ ğŸ¯...,Mini Katana,People & Blogs,PK,64699381,1093386,0,1464,1,0,0,2025-04-26 01:00:42+00:00,Saturday,1
uAMl069BqdU,"ğŸ˜…Air Conditioner Mini Cooling Fan,Portable USB Desk Fan 3 Wind Speed 360Â°Rotatableï¿¼ humidifierğŸŒ¬ï¸",Rj Mobile 01,People & Blogs,PK,61288540,1604269,0,3668,1,0.0001,0,2025-05-01 13:06:37+00:00,Thursday,13
U3vONIizYG8,BESOS - Jacqueline Fernandez & Shikhar Dhawan | Shreya Ghoshal & Karl Wine | Freebot | Rajat |Anshul,Play DMF,Music,IN,52006291,649296,0,68981,1,0.0013,0,2025-05-08 05:48:51+00:00,Thursday,5
tNVvOsz-yPk,Strawberry jam ğŸ“#abirzkitchen #strawberry,Abirz Kitchen,People & Blogs,PK,48409582,1148229,0,4127,1,0.0001,0,2025-04-30 17:50:21+00:00,Wednesday,17
pYfzM9iKUSw,Devious prank on Madni ğŸ˜‚ğŸ˜‚,BROTHERS VLOG,Entertainment,PK,47533843,701849,0,408,1,0,0,2025-04-29 09:37:04+00:00,Tuesday,9
MjtNAips6Eo,éª—å¨ƒåƒè¯çš„nç§å¥—è·¯ #å®çˆ¸å¸¦å¨ƒ#äººç±»å¹¼å´½,éœ²å…®ç²‘ç²‘,People & Blogs,PK,45635997,483296,0,1264,1,0,0,2025-05-04 11:00:29+00:00,Sunday,11
GP19mQ52n6c,We want justice for potatoğŸ¥ºğŸ˜­ğŸ˜‚#funny #comedy #shorts #koushalmonga,Koushal Monga,Gaming,PK,45372805,749861,0,574,1,0,0,2025-04-30 11:30:13+00:00,Wednesday,11
q1JYut5jxi4,Survive Under Water Tank #shorts #outofmindexperiment,Out Of Mind Experiments,Entertainment,PK,44402785,822933,0,1667,1,0,0,2025-04-29 11:59:21+00:00,Tuesday,11
-4GmbBoYQjE,I Survived 100 Hours In An Ancient Temple,MrBeast,Entertainment,IN,39344860,1568421,0,45973,1,0.0012,0,2025-05-10 16:00:01+00:00,Saturday,16
-4GmbBoYQjE,I Survived 100 Hours In An Ancient Temple,MrBeast,Entertainment,US,39344860,1568421,0,45973,1,0.0012,0,2025-05-10 16:00:01+00:00,Saturday,16
xNXr5vawd7c,Madni did a devious magic trick for his friend ğŸ˜‚ğŸ˜‚,BROTHERS VLOG,Entertainment,PK,39083590,504384,0,331,1,0,0.5,2025-04-22 09:10:55+00:00,Tuesday,9
4tZ1gH3F3y8,Ğ˜Ğ¢ĞĞ›Ğ¬Ğ¯ĞĞ¡ĞšĞ˜Ğ• ĞœĞ•ĞœĞ« Ğ’ ĞœĞĞ“ĞĞ—Ğ˜ĞĞ•ğŸ˜±ĞšĞ’Ğ˜ĞĞšĞ Ğ’ Ğ¨ĞĞšĞ•ğŸ«¢ #Ñ€Ğ¾Ğ±Ğ»Ğ¾ĞºÑ #Ğ¸Ğ³Ñ€Ñ‹ #ÑĞ¼ĞµÑˆĞ½Ğ¾Ğµ #ĞºĞ²Ğ¸Ğ½ĞºĞ°,i_roblox_queen,Gaming,IT,37593547,375955,0,1493,1,0,0,2025-05-06 15:26:37+00:00,Tuesday,15
9cPc6pxXD8c,Finally the generational trauma ended,Eternal Love,Music,IT,37377865,2906063,0,21647,1,0.0006,0,2025-05-05 17:00:22+00:00,Monday,17
JhbV8sNwr7w,Squid Game ğŸ­ğŸ˜ˆ #shorts #jomyproduction #squidgame,Jomy Production,Entertainment,PK,37245493,2068124,0,585,1,0,-0.4,2025-04-30 14:15:03+00:00,Wednesday,14
cd5ew3tX6Ls,Perfume wala aur jagiyağŸ˜ğŸ”¥| Indian familyğŸ˜‚|| #shorts #indian #relatable #perfume #comedy,Jagiya the fun,People & Blogs,PK,36988081,0,0,308,0,0,0,2025-04-28 16:16:49+00:00,Monday,16
Q6VVWPHTu2c,Last oneğŸ’€ğŸ¤£Subscribe @Riyabhargav01  #comedy #chetanmonga #shorts,Cheri's World,People & Blogs,PK,35947795,878712,0,375,1,0,0,2025-05-01 07:04:50+00:00,Thursday,7
PGdr-nUFd4c,Agya swaad?ğŸ’€ğŸ˜‚ @Riyabhargav01 ğŸ‘‰ğŸ»new account #chetanmonga #comedy #shorts,Cheri's World,People & Blogs,PK,35606584,1097341,0,427,1,0,0,2025-04-26 05:32:14+00:00,Saturday,5
Fh79Gghiq_Q,Papa ğŸ¤¡  mummy ğŸ’€ | The most viral comedy by maapapa ğŸ”¥ #ytshorts #shorts,up wala aryan,Music,PK,34518021,767556,0,1439,1,0,0.5,2025-04-29 07:39:58+00:00,Tuesday,7
HPi7ect3rIg,Do you like my drawing?â˜ºï¸ğŸ·,Karina ,People & Blogs,IT,34235690,329228,0,611,1,0,0,2025-05-06 11:00:35+00:00,Tuesday,11
e6cTCW-DTRk,Papa Papa Main Kahan per baitha hun,Roli ji Verma full masti,Comedy,PK,32456439,340563,0,385,1,0,0.167,2025-04-25 02:30:24+00:00,Friday,2
EB016cEZTzc,ã€æ–—ç½—å¤§é™†ã€‘çæƒœçœ¼å‰äººï¼ #æ–—ç½—å¤§é™† #å”ä¸‰å°èˆ #å”èˆæ¡ #å°åº¦,èŒèŒä¸èˆæ¡,People & Blogs,PK,32013710,423597,0,217,1,0,0,2025-04-29 10:00:17+00:00,Tuesday,10
TKOXQc9OBxs,Be the other half #thatlittlepuff #bestfriend,That Little Puff,Pets & Animals,PK,30879254,380453,0,285,1,0,-0.146,2025-05-09 03:35:36+00:00,Friday,3
TKOXQc9OBxs,Be the other half #thatlittlepuff #bestfriend,That Little Puff,Pets & Animals,IT,30879254,380453,0,285,1,0,-0.146,2025-05-09 03:35:36+00:00,Friday,3
frE2QuFZT-s,Reels loverğŸ˜‚ğŸ˜‚ wait for endğŸ¤£ #shorts #viral #trending #pavanramya,Pavan Ramyaâ¤ï¸,People & Blogs,PK,30719980,373455,0,298,1,0,0,2025-05-03 12:30:52+00:00,Saturday,12
SDllGYfsw-4,New idea unlockedğŸ˜‚ğŸ”“,Endless Love,Music,IT,29117812,802218,0,781,1,0,0.136,2025-05-07 04:30:25+00:00,Wednesday,4
RbaauArYCx4,Anant gya andaman nicobar island ğŸï¸ Mumma ka hand bag dene ğŸ˜±,PoonamSikarwar,Entertainment,PK,26793235,0,0,307,0,0,0,2025-04-29 09:08:01+00:00,Tuesday,9
p9frL-O3Lnk,é±¿é±¼boss#å¤©ä½¿#å°ä¸‘,Super Beauty team,People & Blogs,PK,25627431,500238,0,237,1,0,0,2025-05-07 10:15:04+00:00,Wednesday,10
sObWiZB-pzo,The last one is hard.. ğŸ™ˆğŸ˜…,Celine Dept,Sports,RU,25523866,486913,0,1261,1,0,-0.146,2025-05-09 15:30:32+00:00,Friday,15
WxHsuNNFq88,Laalach buri bala haiğŸ˜‚,Jahaann,Entertainment,PK,24820611,1368744,0,2058,1,0.0001,0,2025-05-01 14:33:22+00:00,Thursday,14
n9egIoZOvis,Chote bacche ne dikhai ZimmedariğŸ˜­â™¥ï¸ #trending #emotional #motivation #shorts,Noman Official,Film & Animation,PK,22736014,981220,0,22588,1,0.001,0,2025-05-04 14:54:48+00:00,Sunday,14
ZtNJa0u6oKg,#waitforlast #trending,Kiran Family Official,Entertainment,PK,21374062,183192,0,164,1,0,0,2025-05-07 01:08:12+00:00,Wednesday,1
bK4s8Ytx2mY,Ordering Outside Food in IPL,Agnit Shorts,Entertainment,PK,20969861,786245,0,497,1,0,0,2025-05-01 04:30:19+00:00,Thursday,4
wSQ-G8pIwVo,Electric vs Manual Sugarcane Juicer!,MostTechy Shorts,Science & Technology,PK,19917635,402096,0,424,1,0,0,2025-05-07 14:44:33+00:00,Wednesday,14
h8QNMah8pUc,"Cool Items!ğŸ¥° New Gadgets, Smart Appliances, Kitchen Tools Utensils, Home Cleaning, Beauty #shorts",Cool Items Official,Howto & Style,IT,19166884,215978,0,170,1,0,0.234,2025-05-09 13:01:21+00:00,Friday,13
FSAz556s0fM,The Conjuring: Last Rites | Official Teaser,Warner Bros.,Film & Animation,US,19135913,280465,0,12739,1,0.0007,0,2025-05-08 16:00:19+00:00,Thursday,16
FSAz556s0fM,The Conjuring: Last Rites | Official Teaser,Warner Bros.,Film & Animation,IN,19135913,280465,0,12739,1,0.0007,0,2025-05-08 16:00:19+00:00,Thursday,16
zKfs2EM8LQ4,i-dle (ì•„ì´ë“¤) 'Girlfriend' Official Music Video,i-dle (ì•„ì´ë“¤),Music,FR,18832393,310538,0,16993,1,0.0009,0,2025-05-08 15:00:01+00:00,Thursday,15
1BI1mrWp_V4,Omg ğŸ¥´ğŸ˜‚ LeoNata family #shorts,LeoNata Family,People & Blogs,IT,18564636,259063,0,356,1,0,0,2025-05-08 13:00:04+00:00,Thursday,13
rWMxvUTzNSI,Ela queria uma Capinha Squishy Toy ğŸ˜,Los Wagners,Entertainment,IT,16765586,239260,0,151,1,0,0,2025-05-06 14:12:45+00:00,Tuesday,14
TWZcxsaICZw,OMG Salted fish in a cocktail!ğŸ˜‹ #shorts Best video by MoniLina,MoniLina,Comedy,PK,14936740,330185,0,150,1,0,1,2025-05-06 14:56:58+00:00,Tuesday,14
xgtZWgzTv_0,Simran gayab hogyi ğŸ˜°ğŸ˜ˆğŸ˜¥(part-1) | Simran Makhija | #shorts #school #schoollife #thriller,Simran Makhija,People & Blogs,PK,14244855,295798,0,296,1,0,0,2025-05-08 08:20:01+00:00,Thursday,8
IyqnrW1AmwQ,Hide and Seek Squid Games ğŸ˜±ğŸ˜­ #shorts #ytshorts #viralvideos #squidgame,Nishu jeet aarya,People & Blogs,PK,13239145,559241,0,563,1,0,0,2025-05-09 01:35:43+00:00,Friday,1
8n3kMSSg9AI,I traveled without a ticket in the most strict country in the world #ytshorts #minivlog #dubai,wittySpace,People & Blogs,PK,13107481,526097,0,442,1,0,0.5,2025-05-06 14:57:27+00:00,Tuesday,14
I5GLzuhYSGc,Tent House Ki Wajah Se Hue Hamari Hathapai â›ºï¸ #tenthouse #doll #sanjhalikavlog #minivlog #vlog,Sanjhalika Vlog,People & Blogs,PK,12816293,229871,0,265,1,0,0,2025-05-03 06:02:45+00:00,Saturday,6
612y8_iANCs,Pyar ka pehla stage ğŸ˜( Arrange Marriage wala ishq),Jahaann,Entertainment,PK,12075465,782935,0,805,1,0.0001,0,2025-05-03 11:08:32+00:00,Saturday,11
iu-G2Vn-K0Y,"Champa Ko Trap Karliya  ğŸ˜‚| New Viral Gadgets, Smart Appliances, Kitchen Utensils/ Home Inventions",Facts Mited,Education,PK,11924864,348205,0,113,1,0,0.175,2025-04-28 12:45:05+00:00,Monday,12
oTuHfDZ_IQc,Bacchi se Badla ğŸ’ğŸ»â€â™€ï¸ğŸ˜‚ | Sneha Choudhary | #shortvideo #trending #comedy #viralvideo #explore,Sneha Choudhary,People & Blogs,PK,11584004,210344,0,79,1,0,0,2025-04-29 08:13:16+00:00,Tuesday,8
ia2Ph61bYzc,ROSÃ‰ - Messy (From F1Â® The Movie) [Official Music Video],ROSÃ‰,Music,FR,10947362,817040,0,49935,1,0.0046,-0.2,2025-05-08 16:00:07+00:00,Thursday,16
7EA6MnD5I1k,I love you momğŸ˜Subscribe â€‹â @Riyabhargav01   #comedy #chetanmonga #shorts,Cheri's World,People & Blogs,PK,10174313,267551,0,172,1,0,0.5,2025-05-06 08:28:47+00:00,Tuesday,8
BRDqfSgZTrk,Maut Ka Swimming Pool ğŸ¤£ğŸ¤£Comedy/ #comedy #funny #youtubeshorts #shorts #crazypulkit #td ğŸ¤£ğŸ¤£,Pulkit shukla TD,People & Blogs,PK,10079884,246021,0,104,1,0,0.25,2025-05-02 13:09:40+00:00,Friday,13
MbAbZ879p3U,How Strong is Tape? ğŸ’ªğŸ¤¸â€â™‚ï¸,Preston,Entertainment,IT,9857630,316832,0,330,1,0,0.433,2025-05-02 20:00:30+00:00,Friday,20
tvaCa2uBvyw,How to float,Justin Flom,Entertainment,RU,9340796,209587,0,545,1,0.0001,0,2025-05-06 20:32:05+00:00,Tuesday,20
CFad5oGCV4g,judge -ã€‹Weight Lifting  ka -- too much fun (ğŸ¥_@kah_lei_wang),RSMSA,Entertainment,PK,7980302,211597,0,162,1,0,0.3,2025-05-07 15:11:16+00:00,Wednesday,15
a8TfcSA43yI,What if I don't have swimming goggles in the pool?#Short #Officer Rabbit #angel,å…”å­è­¦å®˜,People & Blogs,IT,7067567,94531,0,28,1,0,0,2025-05-10 07:00:01+00:00,Saturday,7
l8NCJUzGiH0,He Spilled a Drink on Purposeâ€¦ But Karma Came for Him Fast! #shorts,Fabiosa Karma,People & Blogs,IT,6535267,60045,0,103,1,0,0.25,2025-05-07 13:01:20+00:00,Wednesday,13
dcxbD6NX-Sc,Silent Hero on the Bus: Saving a Girl from Discomfort ??,Bliss Bits,People & Blogs,RU,6489491,137260,0,521,1,0.0001,0,2025-05-08 13:01:16+00:00,Thursday,13
xMb1-s2nuew,Tape Removal HackğŸ’¡,ISSEI / ã„ã£ã›ã„,Entertainment,RU,6226664,211218,0,161,1,0,0,2025-05-11 10:30:35+00:00,Sunday,10
qKIUzsJdYmM,ğŸ”´ LIVE: ğ—£ğ—®ğ—¸ğ—¶ğ˜€ğ˜ğ—®ğ—» ğ—”ğ˜ğ˜ğ—®ğ—°ğ—¸ğ˜€ ğ—œğ—»ğ—±ğ—¶ğ—® | Indian Military Headquarters Destroyed? | Geo News,Geo News,News & Politics,PK,5920566,45743,0,59,1,0,0.018,2025-05-10 19:18:43+00:00,Saturday,19
4bRI4f2nAZY,Define ballerâ€¦ #Ligue1 #PSG #Doue #Skills #Ligue1McDonalds,Ligue 1 McDonaldâ€™s,Sports,IT,5549581,267277,0,838,1,0.0002,0,2025-05-03 13:00:09+00:00,Saturday,13
EEldzhgeBE4,Vala the Intro | Jagathy Sreekumar | Arun Chandu | Sankar Sharma | The Imbachi,Funtastic Films,Film & Animation,IN,5084962,161497,0,3235,1,0.0006,0,2025-05-07 13:29:08+00:00,Wednesday,13
MyMHaYZFGIk,Ye Kaisa Ghar Bna Diya ğŸ˜²,Sourav Joshi Vlogs,People & Blogs,IN,5081747,229220,0,5709,1,0.0011,0,2025-05-10 02:30:27+00:00,Saturday,2
_Nn34LFCuN0,Papa mere jaan â¤ï¸ğŸ¥¹ #familystory #trendingshorts #shortstory,vlogger varun,Entertainment,PK,4939150,211120,0,921,1,0.0002,-0.5,2025-05-03 07:28:49+00:00,Saturday,7
LsyviHWrNB4,Bessan Ismail x Fouad Jned -  Ø®Ø·ÙŠØ© (Official Music Video) | Ø¨ÙŠØ³Ø§Ù† Ø§Ø³Ù…Ø§Ø¹ÙŠÙ„ Ùˆ ÙØ¤Ø§Ø¯ Ø¬Ù†ÙŠØ¯,Bessan Ismail Music,Music,DE,4880711,172993,0,31770,1,0.0065,0,2025-05-10 15:00:07+00:00,Saturday,15
p1SX5DH6h24,Sharma ji ki O.G Suhagrat,Swagger Sharma,Entertainment,IN,4094619,256290,0,17033,1,0.0042,0,2025-05-08 11:48:17+00:00,Thursday,11
4r8Uc4w-8V0,What type of hair do you have ? ğŸ˜…ğŸ˜…ğŸ˜…,New Ember West,People & Blogs,IT,3894428,132502,0,597,1,0.0002,0,2025-05-08 17:44:06+00:00,Thursday,17
dT2krK2wXuY,Etne Saare School Bag ğŸ˜ Le Liye,Sourav Joshi Vlogs,People & Blogs,IN,3776954,274475,0,5813,1,0.0015,0,2025-05-11 02:30:25+00:00,Sunday,2
68UdNKiljq4,TRAPPED in ABANDONED SCHOOL *Security Cameras*,Jordan Matter,Entertainment,US,3713178,55949,0,9037,1,0.0024,-0.2,2025-05-10 14:00:07+00:00,Saturday,14
bxTY51XOHuk,Pakistan shoots down Two More Indian jets | Lahore Rang,Lahore Rang,News & Politics,PK,3512297,39482,0,9728,1,0.0028,0.172,2025-05-06 23:50:42+00:00,Tuesday,23
QCVcwyusFnA,Pandian Stores 2 | 12th to 17th May 2025 - Promo,Vijay Television,Entertainment,IN,3137886,49156,0,436,1,0.0001,0,2025-05-11 04:30:14+00:00,Sunday,4
LsS8F9F-Vwg,India-Pakistan War | China's Entry | 10 AM News Headlines | 7 May 2025 | SAMAA TV,SAMAA TV,News & Politics,PK,3087270,39430,0,2021,1,0.0007,0,2025-05-07 05:23:31+00:00,Wednesday,5
wRnIkjQ0hzc,Coulda Been Records BALTIMORE Auditions hosted by Druski,Druski,Comedy,US,3017434,71017,0,10791,1,0.0036,0,2025-05-09 01:00:07+00:00,Friday,1
lshTBkxMyP0,Indian Media REACTS to Pakistan Attack on India | Breaking News | Dawn News,DawnNews,News & Politics,PK,2879103,39225,0,3390,1,0.0012,0,2025-05-10 04:46:13+00:00,Saturday,4
odPghP1M7MU,LIVE: Robert Prevost named Pope Leo XIV,Associated Press,News & Politics,US,2866796,19176,0,2007,0.9999,0.0007,0.136,2025-05-08 19:42:59+00:00,Thursday,19
OjTNQNr7LA8,Trump Mother's Day Cold Open - SNL,Saturday Night Live,Comedy,US,2729140,63152,0,5387,1,0.002,-0.3,2025-05-11 04:18:21+00:00,Sunday,4
fXwviF9Z0YQ,IQ ĞŸĞĞ¡Ğ›Ğ•Ğ”ĞĞ•Ğ“Ğ ğŸ’€ #Shorts #Ğ“Ğ»ĞµĞ½Ñ‚,Ğ“Ğ›Ğ•ĞĞ¢,Gaming,RU,2605213,80893,0,521,1,0.0002,0,2025-05-10 12:01:14+00:00,Saturday,12
U0aMO869EO0,Baakiyalakshmi | 12th to 16th May 2025 - Promo,Vijay Television,Entertainment,IN,2594671,41218,0,194,1,0.0001,0,2025-05-11 04:30:16+00:00,Sunday,4
ATBEU_anGJk,Indiaâ€™s Chilling Warning To Pakistan After Ceasefire: â€˜We Are Fully Ready And Alertâ€™ | Full Briefing,Hindustan Times,News & Politics,IN,2555164,37612,0,15482,1,0.0061,0.017,2025-05-10 13:44:48+00:00,Saturday,13
__Yrwoxz-4Y,I Faced My Biggest Fear! (Plastic Surgery),The Anazala Family ,Entertainment,DE,2553087,33855,0,6500,1,0.0025,0,2025-05-10 15:04:40+00:00,Saturday,15
__Yrwoxz-4Y,I Faced My Biggest Fear! (Plastic Surgery),The Anazala Family ,Entertainment,US,2553087,33855,0,6500,1,0.0025,0,2025-05-10 15:04:40+00:00,Saturday,15
1F0N55CDDqs,First American pope elected,CNN,News & Politics,US,2529740,32974,0,11382,1,0.0045,0.125,2025-05-08 17:57:04+00:00,Thursday,17
Etdw1tqCgoU,DRIED GOATFISH | Nagarai Karuvadu Fry & Spicy Gravy Recipe | Village Style Fish Thokku,Village Cooking Channel,Howto & Style,IN,2439382,74141,0,1525,1,0.0006,-0.2,2025-05-09 13:57:59+00:00,Friday,13
Xi6-XZvtQ6M,Cheap vs. Expensive Drift Truck,CboysTV,People & Blogs,US,2392963,71598,0,8212,1,0.0034,-0.05,2025-05-09 01:00:33+00:00,Friday,1
-QwXokuIZjM,Peacemaker Season 2 | Official Teaser | Max,Max,Entertainment,US,2383212,110726,0,9160,1,0.0038,0,2025-05-09 16:05:08+00:00,Friday,16
4bCHuyehZoE,#Video | à¤²à¥‚à¤Ÿ à¤—à¤ˆà¤¨à¥€ à¤ªà¥à¤¯à¤¾à¤° à¤®à¥‡à¤‚ | Lut Gayani Pyaar Mai | Neelkamal Singh ft.Shweta | New Bhojpuri Song,Saregama Hum Bhojpuri,Music,IN,2324654,32208,0,2151,1,0.0009,0.136,2025-05-09 02:49:43+00:00,Friday,2
bY0tH3-kmG0,Jâ€™ai survÃ©cu Ã  lâ€™un des sommets les plus mortels des Alpes ! (1 an aprÃ¨s lâ€™Everest),Inoxtag,Entertainment,FR,2149464,144430,0,3182,1,0.0015,0,2025-05-10 12:30:42+00:00,Saturday,12
BEg0DhXbCg8,BUTRINT IMERI x TAYNA - LOT,AVD Digital,Music,DE,2135047,57079,0,2333,1,0.0011,0,2025-05-08 16:00:07+00:00,Thursday,16
Iqv2Ht-QtpY,"Gauahar Khan & Zaid Darbar Ke Saath Home Tour, Cooking Masti & Dilip ka Gym Fun! @FarahKhanK",Farah Khan,People & Blogs,IN,2093338,36915,0,1695,1,0.0008,0.375,2025-05-09 07:30:09+00:00,Friday,7
JLUn64ApL9Q,ĞÑÑ‚Ğ°Ğ»Ğ¸ÑÑŒ ĞĞĞ’Ğ¡Ğ•Ğ“Ğ”Ğ Ğ½Ğ° ĞĞ•ĞĞ‘Ğ˜Ğ¢ĞĞ•ĞœĞĞœ ĞĞ¡Ğ¢Ğ ĞĞ’Ğ•!!!! * Ğ”Ğ•ĞĞ¬ 1 *,Ğ•Ğ“ĞĞ Ğ˜Ğš,Entertainment,RU,2046939,86533,0,8045,1,0.0039,0,2025-05-10 16:24:05+00:00,Saturday,16
zgSM_hTyru0,How I Became A Pro Bodybuilder,Will Tennyson,People & Blogs,US,2037645,159451,0,16540,1,0.0081,0,2025-05-09 14:37:29+00:00,Friday,14
zgSM_hTyru0,How I Became A Pro Bodybuilder,Will Tennyson,People & Blogs,DE,2037645,159451,0,16540,1,0.0081,0,2025-05-09 14:37:29+00:00,Friday,14
l9D28VUVDjU,FERRE GOLA - Amour illusoire (Official Music Video),FerreGolaVEVO,Music,FR,2016649,35367,0,6389,1,0.0032,0,2025-05-08 09:00:06+00:00,Thursday,9
gyYVNCiZGUg,"#1 THUNDER at #4 NUGGETS | FULL GAME 3 HIGHLIGHTS | May 9, 2025",NBA,Sports,US,2015626,21945,0,2537,1,0.0013,-0.025,2025-05-10 05:15:38+00:00,Saturday,5
RfF-QJLW0x4,Ice Cream or GarmiğŸ˜‚ ice Cream favorite konsi hai ?ğŸ˜… Salman Nomanâ¤ï¸ #shorts,Salman Noman,Entertainment,PK,1886651,61748,0,122,1,0.0001,0.5,2025-05-02 09:23:14+00:00,Friday,9
TDm3ma0_JlU,WHAT HAPPENED TO MIA KHALIFA,Tanmay Bhat,Comedy,IN,1886221,81306,0,1692,1,0.0009,0,2025-05-09 14:30:06+00:00,Friday,14
pEKphGdWsVc,ĞŸÑ€Ğ¾Ğ²Ğ°Ğ»ÑŒĞ½Ğ°Ñ ĞĞºÑ†Ğ¸Ñ Monster Energy,Ğ¢Ğ¸Ğ¼ÑƒÑ€ Ğ¡Ğ¸Ğ´ĞµĞ»ÑŒĞ½Ğ¸ĞºĞ¾Ğ²,People & Blogs,RU,1885572,57076,0,885,1,0.0005,0,2025-05-10 10:18:38+00:00,Saturday,10
T3fA-4D71Kk,Miley Cyrus - More to Lose (Official Video),MileyCyrusVEVO,Music,FR,1843377,87550,0,5886,1,0.0032,0.5,2025-05-09 04:00:07+00:00,Friday,4
T3fA-4D71Kk,Miley Cyrus - More to Lose (Official Video),MileyCyrusVEVO,Music,US,1843377,87550,0,5886,1,0.0032,0.5,2025-05-09 04:00:07+00:00,Friday,4
gRX3Gm-YPRY,Avril Lavigne - Young & Dumb (feat. Simple Plan) (Official Video),Avril Lavigne,Music,US,1834643,149954,0,10386,1,0.0057,-0.092,2025-05-09 15:52:24+00:00,Friday,15
gRX3Gm-YPRY,Avril Lavigne - Young & Dumb (feat. Simple Plan) (Official Video),Avril Lavigne,Music,FR,1834643,149954,0,10386,1,0.0057,-0.092,2025-05-09 15:52:24+00:00,Friday,15
8zwGGusjRLM,Chinna Marumagal | 12th to 16th May 2025 - Promo,Vijay Television,Entertainment,IN,1764430,25945,0,79,1,0,0,2025-05-11 04:30:03+00:00,Sunday,4
gxrmRSzz3U8,Inter-Barcellona 4-3 d.t.s: gol e highlights | Champions League,Sky Sport,Sports,IT,1760203,32492,0,4051,1,0.0023,0,2025-05-06 22:01:02+00:00,Tuesday,22
BhxkNEIj_H0,DHURATA DORA - VONÃ‹ (Official Video),Dhurata Dora,Music,DE,1725044,25987,0,513,1,0.0003,0,2025-05-08 17:59:07+00:00,Thursday,17
9GnGPT37ncI,à¤¸à¤¾à¤¥ SAATH Part -3 | Uttar kumar New movie 2025 | Nimish Singh | Rajeev Sirohi | Rajlaxmi,Rajlaxmi,Film & Animation,IN,1724205,30263,0,4275,1,0.0025,0.136,2025-05-09 03:30:05+00:00,Friday,3
cum1h1qa02o,825 Ğ´Ğ½ĞµĞ¸Ì† Ğ² Ğ·Ğ°Ğ»Ğµ,Ğ”Ğ°Ğ½ĞºĞ°Ñ€,Entertainment,RU,1691480,144078,0,33045,1,0.0195,0,2025-05-10 17:36:32+00:00,Saturday,17
9CaQyIxiSZ4,Asli such kya hai? ğŸ˜¡ #shorts #sareaam #iqrarulhassan,Sar e Aam,News & Politics,PK,1689425,70871,0,282,1,0.0002,0,2025-05-06 16:30:04+00:00,Tuesday,16
SDTM9uB26Zk,Â¡CÃ³mo esconder calcetines para una fiesta! ğŸ’ƒğŸ§¦ Â¡Truco de maquillaje Ã©pico! ğŸ’„âœ¨,JOOZY Spanish,Entertainment,RU,1676239,22883,0,16,1,0,0,2025-05-10 16:00:43+00:00,Saturday,16
7ax7rqVLdEA,ğŸ”´ğŸ”µ PSG - ARSENAL LIVE / ğŸ”¥ALLEZ PARIS !! ON REVE DE LA FINALE !!! / LIGUE DES CHAMPIONS / UCL / LDC,L' immigrÃ© parisien,Sports,FR,1570949,41559,0,351,1,0.0002,0.416,2025-05-07 21:28:00+00:00,Wednesday,21
SVEyzR-X47U,Ğ“Ğ»Ğ°Ğ²Ğ½Ğ°Ñ Ğ¿Ñ€Ğ¾Ğ±Ğ»ĞµĞ¼Ğ° ĞšĞ¾ĞºĞ°-ĞšĞ¾Ğ»Ñ‹,Ğ¢Ğ¸Ğ¼ÑƒÑ€ Ğ¡Ğ¸Ğ´ĞµĞ»ÑŒĞ½Ğ¸ĞºĞ¾Ğ²,People & Blogs,RU,1548543,63364,0,1723,1,0.0011,0,2025-05-09 18:31:00+00:00,Friday,18
VAs1L0I7xIc,"Putin, Xi Jinping and Others in Tears at Eternal Flame Ceremony on Victory Day | APT",APT,News & Politics,DE,1475102,33884,0,6448,1,0.0044,0.6,2025-05-09 09:43:39+00:00,Friday,9
XT6We0MnlKY,Watch What Happened When KP CM Ali Amin Gandapur Stopped For Meeting Imran Khan In Adiala Jail,Express News,News & Politics,PK,1462895,43435,0,233,1,0.0002,-0.1,2025-05-08 11:39:48+00:00,Thursday,11
rSKdTSgNitY,Ø±Ø¶ÙŠØª Ø¨Ù‚Ù„Ø¨Ùƒ ÙˆÙ‚Ø±Ø¨ÙÙƒÙ Ù…Ø¤Ù†Ø³Ø§Ù‹ Ùˆ Ø£Ù†ÙŠØ³Ø§Ù‹ Ø¹Ù„Ù‰ ÙƒØªØ§Ø¨ Ø§Ù„Ù„Ù‡ ÙˆØ³Ù†Ø© Ø±Ø³ÙˆÙ„Ù‡ ğŸ’#abirzkitchen,Abirz Kitchen,People & Blogs,RU,1434643,88515,0,3004,1,0.0021,0,2025-05-10 21:54:14+00:00,Saturday,21
MUc5VUtpGl8,AMP MARIO KART IRL,AMP,Entertainment,US,1414694,54695,0,3138,1,0.0022,0,2025-05-10 19:00:48+00:00,Saturday,19
hrmatYnrrRs,I Helped a Streamer Get Fit For His Wedding,Browney,Entertainment,US,1382279,41676,0,1314,1,0.001,0.4,2025-05-09 15:01:14+00:00,Friday,15
Bei6STsAccI,War Alarm Raised - Essential Information for Public Safety - Pakistan And India War - 24 News HD,24 News HD,News & Politics,PK,1278670,18546,0,856,0.9999,0.0007,0,2025-05-08 14:52:11+00:00,Thursday,14
pa3nW0EYYcQ,Godzilla x Kong: Supernova | Now in Production,Warner Bros.,Entertainment,IN,1265897,52952,0,4276,1,0.0034,0,2025-05-09 16:00:12+00:00,Friday,16
lYop364MoXY,$0.01 vs $1000 Sharpest Knife to Cut The Rope,The Richey Family,People & Blogs,IT,1234797,19845,0,17,0.9999,0,0,2025-05-02 15:01:15+00:00,Friday,15
ffcOcghuYFM,Prema Velluva - Video Song | HIT 3 | Nani | Sailesh Kolanu | Srinidhi Shetty | Mickey J Meyer,Saregama Telugu,Music,IN,1210075,19804,0,283,0.9999,0.0002,0,2025-05-10 10:46:07+00:00,Saturday,10
tdLlAszqKtI,Ğ§Ñ‚Ğ¾ Ğ¿Ñ€Ğ¾Ğ¸ÑÑ…Ğ¾Ğ´Ğ¸Ñ‚ Ğ² Ğ±ĞµÑ€Ğ»Ğ¸Ğ½ÑĞºĞ¾Ğ¼ Ğ¢Ñ€ĞµĞ¿Ñ‚Ğ¾Ğ²-Ğ¿Ğ°Ñ€ĞºĞµ 9 Ğ¼Ğ°Ñ,DW Ğ½Ğ° Ñ€ÑƒÑÑĞºĞ¾Ğ¼,News & Politics,RU,1180246,25712,0,841,1,0.0007,0,2025-05-09 11:30:44+00:00,Friday,11
YTnAZxqD5w4,McLarenâ€™s GENIUS Tyre Trick Explained,Driver61,Autos & Vehicles,US,1168852,27448,0,1329,1,0.0011,0,2025-05-09 15:48:18+00:00,Friday,15
QYjkbaPsngA,à®šà¯à®®à¯à®®à®¾ à®‡à®°à¯à®¨à¯à®¤à®¾ à®•à®¾à®šà¯ à®µà®°à¯à®®à®¾ğŸ¤¨ | Delhi Series | Ep - 09 | Vj Siddhu Vlogs,Vj Siddhu Vlogs,People & Blogs,IN,1164051,84684,0,965,1,0.0008,0,2025-05-11 04:30:32+00:00,Sunday,4
dfEGCKeVako,VTECH : Le PIRE MOTEUR de l'HISTOIRE ? ( Le moteur rotatif ),Sylvain Lyve,Autos & Vehicles,FR,1143179,74481,0,2069,1,0.0018,0,2025-05-08 16:15:09+00:00,Thursday,16
ucvzAdqa0_w,Appa Amma Paavangal | Parithabangal,Parithabangal,Comedy,IN,1132005,55355,0,1800,1,0.0016,0,2025-05-11 05:30:22+00:00,Sunday,5
HeD9wBQViUI,ĞĞ¢ ĞšĞĞŸĞ•Ğ™ĞšĞ˜ Ğ”Ğ ĞĞ™Ğ¤ĞĞĞ,ANTON RIMSKIY,People & Blogs,RU,1095567,34338,0,240,1,0.0002,0,2025-05-08 15:00:33+00:00,Thursday,15
LyN4si1_0dY,WHO HAD THE BEST SCREAM!? ğŸ˜± CAMILLA WIN ğŸ¤£ #Shorts @Double_Date,MartaVi,Entertainment,IT,1091779,22945,0,144,1,0.0001,0.9,2025-05-07 13:00:37+00:00,Wednesday,13
Kec0FzdyWaQ,"10 STREAMERS S'AFFRONTENT AUX ECHECS ! (ft. JulienSong, Kameto, Etoile, Gothamchess, Max Biaggi...)",Inoxtag,Gaming,FR,1085790,45690,0,1110,1,0.001,0,2025-05-07 21:01:08+00:00,Wednesday,21
e5NMV4U790o,I Tested TOP YOUTUBER Products,HopeScope,Howto & Style,US,1077651,31905,0,2504,1,0.0023,0.5,2025-05-10 14:30:33+00:00,Saturday,14
EWmenZNScYw,India-Pakistan War Update: Pak Army Befitting Reply to India | 09 AM News Headlines | Pakistan News,Express News,News & Politics,PK,1071146,18048,0,967,0.9999,0.0009,0,2025-05-07 04:27:06+00:00,Wednesday,4
BVbI2fxGA4g,1 KILL = 10000 ğŸ’ KOUN JEETA ?,Desi Gamers,Gaming,IN,1036782,85659,0,6789,1,0.0065,0,2025-05-10 03:19:34+00:00,Saturday,3
RGg-Qx1rL9U,"Thudarum - Kanmanipoove Video | Mohanlal | Jakes Bejoy | Shobana | M.G Sreekumar, Tharun Moorthy",Sony Music South,Music,IN,1013731,24054,0,1141,1,0.0011,0,2025-05-09 12:30:02+00:00,Friday,12
vLTc-j6krUo,NRFM School Series | Episode - Duster | 4K | NRFM Brothers,NRFM BROTHERS,Entertainment,IN,1012334,41194,0,2859,1,0.0028,0,2025-05-07 09:30:07+00:00,Wednesday,9
CiDqNRdxTO0,Bowling Ball Vs 700kmh Helicopter Blades! Who Wins,How Ridiculous,Sports,US,1002274,31451,0,1767,1,0.0018,0.3,2025-05-09 21:00:19+00:00,Friday,21
IBjueR8I_gY,Ğ¡Ñ‚Ğ°Ğ¼Ğ±ÑƒĞ». Ğ­Ñ‚Ğ¾ Ğ¼Ğ¸Ñ€ Ğ¸Ğ»Ğ¸...,ĞĞ½Ğ°Ñ‚Ğ¾Ğ»Ğ¸Ğ¹ Ğ¨Ğ°Ñ€Ğ¸Ğ¹,Comedy,RU,962798,21411,0,0,1,0,0,2025-05-11 13:15:34+00:00,Sunday,13
G1xA0jfiMUE,ĞšĞ°ÑÑ‹Ğ¼-Ğ–Ğ¾Ğ¼Ğ°Ñ€Ñ‚ Ğ¢Ğ¾ĞºĞ°ĞµĞ² Ğ¸ Ğ¡Ğ¸ Ğ¦Ğ·Ğ¸Ğ½ÑŒĞ¿Ğ¸Ğ½ Ğ±ĞµÑĞµĞ´ÑƒÑÑ‚ Ğ² ĞšÑ€ĞµĞ¼Ğ»Ğµ #Ğ¿Ñ€ĞµĞ·Ğ¸Ğ´ĞµĞ½Ñ‚ĞºĞ°Ğ·Ğ°Ñ…ÑÑ‚Ğ°Ğ½Ğ°,President Ñ ĞĞ´Ğ¸Ğ»ĞµĞ¼ Ğ‘Ğ°Ğ»Ñ‚Ğ°Ğ±Ğ°ĞµĞ²Ñ‹Ğ¼,People & Blogs,RU,953419,13506,0,992,0.9999,0.001,0,2025-05-09 03:06:43+00:00,Friday,3
mIjlmLYWMSM,Pope Leo XIV answers his brother's call during AP interview,Associated Press,News & Politics,US,945801,17565,0,1359,0.9999,0.0014,0,2025-05-09 18:28:50+00:00,Friday,18
-Yjd0-ZeM2w,Indian Origin Scientist finds Biggest ALIEN LIFE Proof on K2-18B Planet,GetsetflySCIENCE by Gaurav Thakur,Science & Technology,IN,944332,28653,0,1490,1,0.0016,-0.25,2025-05-10 06:22:58+00:00,Saturday,6
KaSgcTi5KMY,Mahavatar Narsimha Jayanti Promo - Release Date Announcement | Hombale Films,Hombale Films,Film & Animation,IN,922398,39648,0,944,1,0.001,0,2025-05-11 06:24:00+00:00,Sunday,6
Uf5lttOj8tw,Harry Kane FINALLY has his hands on silverware as Bayern Munich lift the Bundesliga title ğŸ†,Sky Sports Football,Sports,DE,881164,20448,0,1331,1,0.0015,0,2025-05-10 18:59:03+00:00,Saturday,18
vhmGErevyEk,La prima uscita di Leone XIV: il papa in visita a Genazzano incontra i fedeli entusiasti,Local Team,News & Politics,IT,872039,17978,0,1806,0.9999,0.0021,0,2025-05-10 18:00:32+00:00,Saturday,18
4ZVHTWiiuk8,"IPL MATCH dekha first time, maja aagya ğŸ˜",Sahil joshi Vlogs,People & Blogs,IN,855826,37019,0,1099,1,0.0013,0.25,2025-05-11 02:45:01+00:00,Sunday,2
9N9flSEcdic,"JP Performance - Zoki, Julia und Monte erleben ihr blaues Wunder im R8 V10 Turbo!",JP Performance GmbH,Autos & Vehicles,DE,855492,52271,0,3091,1,0.0036,0,2025-05-08 09:30:11+00:00,Thursday,9
rqIzjhh2Yt0,"BREAKING EVERYTHING WITH A $4,000 TUNGSTEN CUBE",OfflineTV,News & Politics,US,853113,45065,0,2347,1,0.0028,0,2025-05-10 22:33:30+00:00,Saturday,22
NpYPxfqWvWw,MIA MADRE E IL METEO #danielecondotta #comedy,Daniele Condotta,Entertainment,IT,843330,31568,0,198,1,0.0002,0,2025-05-06 12:01:08+00:00,Tuesday,12
swuB5IuMbP8,I Got The Worlds Best Minecraft Weapon,Carvs,Gaming,US,825664,20110,0,1375,1,0.0017,1,2025-05-10 13:01:35+00:00,Saturday,13
8Fv6fJXjxao,Ğ ĞµĞ´Ğ°ĞºÑ†Ğ¸Ñ News: 168-Ñ Ğ½ĞµĞ´ĞµĞ»Ñ,Ğ ĞµĞ´Ğ°ĞºÑ†Ğ¸Ñ,People & Blogs,RU,823610,20544,0,2387,1,0.0029,0,2025-05-11 07:55:08+00:00,Sunday,7
W4E3u7WOkuo,"ANNA (à®…à®£à¯à®£à®¾) | à®¤à®¿à®™à¯à®•à®³à¯-à®µà¯†à®³à¯à®³à®¿, à®‡à®°à®µà¯ 8.30 à®®à®£à®¿à®•à¯à®•à¯ | 11 May 25 | Promo | Zee Tamil",Zee Tamil,Entertainment,IN,809188,15154,0,117,0.9999,0.0001,0,2025-05-11 04:45:01+00:00,Sunday,4
yuKgVWSjy4o,Kanna Laddu Thinna Aasaiya - Back to Back Comedy ScenesğŸ˜‚ | Santhanam |Sethu | Power star |Adithya TV,Adithya TV,Comedy,IN,801611,7504,0,127,0.9999,0.0002,0,2025-05-10 09:30:28+00:00,Saturday,9
uruv6C0aR9M,"Getti Melam (à®•à¯†à®Ÿà¯à®Ÿà®¿ à®®à¯‡à®³à®®à¯) | Mon-Fri, 7:30 PM | 11 May 25 | Promo | Zee Tamil",Zee Tamil,Entertainment,IN,796058,13490,0,96,0.9999,0.0001,0,2025-05-11 04:30:38+00:00,Sunday,4
jpMBC7OwCXI,L'AlgÃ©rino feat Franglish & Alonzo - La Gari (Clip Officiel),L'Algerino,Music,FR,790778,7212,0,350,0.9999,0.0004,0,2025-05-09 15:00:13+00:00,Friday,15
InxXnmZhjKQ,Outer Banks - First Impressions ğŸ‡ºğŸ‡¸,Peter Santenello,Travel & Events,US,790769,23578,0,2336,1,0.003,0.25,2025-05-10 15:00:24+00:00,Saturday,15
gLK2DgRgBhc,Pond Skim Season is Upon Us â›·ï¸ #Shorts,GoPro Snow,Sports,IT,790191,9614,0,55,0.9999,0.0001,0,2025-05-07 16:01:00+00:00,Wednesday,16
aQxoIKnQs-I,Is Squad saved?! ğŸ¥¹ (FULL STORY),Squad Busters,Gaming,FR,784781,24708,0,1445,1,0.0018,0.35,2025-05-09 13:42:38+00:00,Friday,13
aQxoIKnQs-I,Is Squad saved?! ğŸ¥¹ (FULL STORY),Squad Busters,Gaming,US,784781,24708,0,1445,1,0.0018,0.35,2025-05-09 13:42:38+00:00,Friday,13
aQxoIKnQs-I,Is Squad saved?! ğŸ¥¹ (FULL STORY),Squad Busters,Gaming,DE,784781,24708,0,1445,1,0.0018,0.35,2025-05-09 13:42:38+00:00,Friday,13
4pAxFxxyNbk,Alessio - Ho voglia di te,Alessio Official TV,Music,IT,783548,50860,0,806,1,0.001,0,2025-05-07 12:00:09+00:00,Wednesday,12
qiQla_yNpsU,Thomas MÃ¼ller and his emotional  farewell from the Allianz Arena!,FC Bayern MÃ¼nchen,Sports,DE,768803,27050,0,1279,1,0.0017,0,2025-05-10 19:50:59+00:00,Saturday,19
6qMkep6gKBw,Ğ›ÑƒÑ‡ÑˆĞ¸Ğ¹ Ñ„Ğ¾ĞºÑƒÑ - Ğ¿Ñ€Ğ°Ğ½Ğº! #shorts,Ğ Ğ¾Ğ¼Ğ°Ğ½ Magic,People & Blogs,RU,763279,24369,0,27,1,0,0,2025-05-10 07:00:05+00:00,Saturday,7
AeAwyVCct1Y,"""ĞŸÑ€Ğ¾Ğ¸Ğ·Ğ¾ÑˆĞ»Ğ¾ Ğ§ĞĞ¢ĞšĞĞ• Ğ´ĞµĞ»ĞµĞ½Ğ¸Ğµ!"" // ĞšĞ•Ğ”ĞœĞ˜ Ğ¿Ñ€Ğ¾ Ğ¿Ğ°Ñ€Ğ°Ğ´ Ğ½Ğ° ĞšÑ€Ğ°ÑĞ½Ğ¾Ğ¹ Ğ¿Ğ»Ğ¾Ñ‰Ğ°Ğ´Ğ¸, Ñ€ĞµÑ‡ÑŒ Ğ›ÑƒĞºĞ°ÑˆĞµĞ½ĞºĞ¾ 9 Ğ¼Ğ°Ñ",Ğ˜Ğ½Ñ„Ğ¾Ñ€Ğ¼Ğ°Ñ†Ğ¸Ğ¾Ğ½Ğ½Ğ¾Ğµ Ğ°Ğ³ĞµĞ½Ñ‚ÑÑ‚Ğ²Ğ¾ Ğ‘ĞµĞ»Ğ¢Ğ,News & Politics,RU,734596,18505,0,1969,0.9999,0.0027,0,2025-05-10 17:45:06+00:00,Saturday,17
gRCsc8bRvAM,How Big Can Hulk Get?,EYstreem,Gaming,US,727023,9458,0,1968,0.9999,0.0027,0,2025-05-10 02:00:40+00:00,Saturday,2
tibdNnTmM5Y,"Taskmaster Season 19, Episode 2 - 'An invisible jump rope.' | Full Episode",Taskmaster,Comedy,US,720855,19059,0,2445,0.9999,0.0034,0.35,2025-05-09 20:00:06+00:00,Friday,20
hXVXxerUols,3x3 monster trike steering test...,Grind Hard Plumbing Co,Autos & Vehicles,US,713273,27077,0,1610,1,0.0023,0,2025-05-09 22:30:07+00:00,Friday,22
eIO3JXq4a74,DIRECTION MUNICH !!! Paris S'IMPOSE au Parc et file en FINALE de Ligue des Champions ! ğŸ¤©â¤ï¸ğŸ’™,PSG - Paris Saint-Germain,Sports,FR,711413,10023,0,548,0.9999,0.0008,0,2025-05-07 22:00:44+00:00,Wednesday,22
NMCvFOssedY,Os primeiros passos do novo Papa! #leÃ£o14 #papa #vaticano #shorts,Vatican News - PortuguÃªs,People & Blogs,IT,695554,33075,0,0,1,0,0,2025-05-08 20:17:06+00:00,Thursday,20
KqN_Ac8C1YU,1000 Chicken Jockey Vs Village in Minecraft!,PrestonPlayz,Gaming,US,688099,8581,0,1261,0.9999,0.0018,-0.75,2025-05-10 14:15:02+00:00,Saturday,14
UVuGCqr5JFE,ĞŸĞ¾ĞºÑƒĞ¿Ğ½Ğ¾Ğ¹ Ğ›ĞµĞ´ Ğ›ÑƒÑ‡ÑˆĞµ Ğ”Ğ¾Ğ¼Ğ°ÑˆĞ½ĞµĞ³Ğ¾ #Ğ»ÑÑ‚Ğ°ÑÑ„Ğ¸Ğ·Ğ¸ĞºĞ°,Ğ›ÑÑ‚Ğ°Ñ Ñ„Ğ¸Ğ·Ğ¸ĞºĞ° | ĞĞ»Ğ¸Ğ¼Ğ¿Ğ¸Ğ°Ğ´Ğ½Ğ°Ñ Ñ„Ğ¸Ğ·Ğ¸ĞºĞ°,Education,RU,684729,19950,0,131,0.9999,0.0002,0,2025-05-11 13:23:04+00:00,Sunday,13
jD0wakivFbE,"""It feels amazing"" ğŸ¥¹ | An emotional Harry Kane gives his first interview as a major trophy winner ğŸ†",Sky Sports Football,Sports,DE,680447,12674,0,1033,0.9999,0.0015,0.228,2025-05-10 19:25:34+00:00,Saturday,19
vowSaDNn7jo,"Ğ’ ĞšĞ¸ĞµĞ²Ğµ Ğ“Ğ¾Ñ‚Ğ¾Ğ²ÑÑ‚ Ğ£Ğ›Ğ¬Ğ¢Ğ˜ĞœĞĞ¢Ğ£ĞœğŸ”¥ĞœĞ¾ÑĞºĞ²Ğ° Ğ“Ğ¾Ñ‚Ğ¾Ğ²Ğ¸Ñ‚ ""ĞĞ Ğ•Ğ¨ĞĞ˜Ğš""ğŸš€ Ğ‘Ğ¾Ğ¹ Ğ¿Ñ€Ğ¾Ğ´Ğ¾Ğ»Ğ¶Ğ°ĞµÑ‚ÑÑâš”ï¸ Ğ’Ğ¾ĞµĞ½Ğ½Ñ‹Ğµ Ğ¡Ğ²Ğ¾Ğ´ĞºĞ¸ Ğ—Ğ° 10.05.2025",Ğ’Ğ¾ĞµĞ½Ğ½Ñ‹Ğµ Ğ¡Ğ²Ğ¾Ğ´ĞºĞ¸,News & Politics,RU,671985,10711,0,1835,0.9999,0.0027,0,2025-05-10 18:00:06+00:00,Saturday,18
ZOFIpvXewts,"Sandhya Raagam (à®šà®¨à¯à®¤à®¿à®¯à®¾à®°à®¾à®•à®®à¯) | à®¤à®¿à®™à¯à®•à®³à¯-à®šà®©à®¿, à®‡à®°à®µà¯ 10:00 à®®à®£à®¿à®•à¯à®•à¯ | 11 May 25 | Promo | Zee Tamil",Zee Tamil,Entertainment,IN,670349,12926,0,87,0.9999,0.0001,0,2025-05-11 05:00:39+00:00,Sunday,5
WC5hIGY8CPs,Fixing Ludwigâ€™s Stolen Kei Truck,BigTime,Autos & Vehicles,US,664158,37827,0,1828,1,0.0028,0,2025-05-09 15:01:01+00:00,Friday,15
Hv6WUzJ0BbQ,Ğ›Ğ¸Ñ‡Ğ½Ñ‹Ğµ Ğ³Ñ€Ğ°Ğ½Ğ¸Ñ†Ñ‹ Ñ ÑĞ¾ÑĞµĞ´ÑĞ¼Ğ¸ Ğ² Ñ€Ğ°Ğ·Ğ½Ñ‹Ğµ Ğ³Ğ¾Ğ´Ñ‹,ĞĞ»ĞµĞ¶Ğ° ĞĞ±ÑƒÑ…Ğ¾Ğ²,Comedy,RU,663051,53065,0,507,1,0.0008,0,2025-05-11 05:50:44+00:00,Sunday,5
nao7H4Lmylo,INFILTRATO in COLOMBIA nella PRIGIONE piÃ¹ LUSSUOSA del mondo,aledellagiusta,Entertainment,IT,657765,37348,0,353,1,0.0005,0,2025-05-08 11:08:23+00:00,Thursday,11
E5afV_kZNYA,Annalisa - Maschio (Official Video),annalisaufficiale,Music,IT,654153,17742,0,2298,0.9999,0.0035,0,2025-05-09 12:00:21+00:00,Friday,12
fIIq4QjuiLY,"Miranda Lambert & Ella Langley perform ""Kerosene"" at the ACM Awards",Miranda Lambert,Music,US,651166,2084,0,224,0.9995,0.0003,0,2025-05-10 05:23:02+00:00,Saturday,5
7ZmvmjM_5tg,GP EXPLORER 3 : C'EST REPARTI POUR UN TOUR !,GOTAGA,Entertainment,FR,642712,42076,0,381,1,0.0006,0,2025-05-11 07:00:15+00:00,Sunday,7
9L8ISz7ijF8,I Cheated with 'Copy And Paste' in Minecraft,Bionic,Gaming,DE,636328,16661,0,1493,0.9999,0.0023,0,2025-05-10 23:00:08+00:00,Saturday,23
9L8ISz7ijF8,I Cheated with 'Copy And Paste' in Minecraft,Bionic,Gaming,US,636328,16661,0,1493,0.9999,0.0023,0,2025-05-10 23:00:08+00:00,Saturday,23
5Na2o-nqoZA,"LIVE Conclave, fumata bianca. Eletto il Papa: diretta video",Local Team,News & Politics,IT,634441,6232,0,28,0.9998,0,0.136,2025-05-08 19:33:06+00:00,Thursday,19
4sftmD-G3II,How GTA 6 REALLY got their graphics that good,RDCworld1,Film & Animation,US,632045,75124,0,2143,1,0.0034,0.45,2025-05-10 02:13:22+00:00,Saturday,2
yJxRi-2-Mbg,Ğ˜Ğ¡Ğ¢ĞĞ Ğ˜Ğ¯ Ğ¤Ğ•Ğ ĞœĞ•Ğ ĞĞ’! Ğ¯ ĞĞ³Ñ€Ğ°Ğ±Ğ¸Ğ» Ğ‘ĞĞĞ”Ğ˜Ğ¢ĞĞ’ Ğ¸ Ğ¡Ğ¢ĞĞ› Ğ¡ĞĞœĞ«Ğœ Ğ’Ğ›Ğ˜Ğ¯Ğ¢Ğ•Ğ›Ğ¬ĞĞ«Ğœ Ğ‘Ğ˜Ğ—ĞĞ•Ğ¡ĞœĞ•ĞĞĞœ! CheZee. Rust | Ğ Ğ°ÑÑ‚,CheZee,Gaming,RU,618512,18475,0,2338,0.9999,0.0038,0,2025-05-10 11:00:35+00:00,Saturday,11
IVVXE_rxInQ,Anupama Today NEW PROMO 10th MAY: Prarthana Ne Gautam Se Maanga DIVORCE! Kothari's Ke Udde HOSH!,GlitzVision USA,Entertainment,IN,613447,5082,0,109,0.9998,0.0002,0.213,2025-05-10 00:56:09+00:00,Saturday,0
Wfg-CF6dTHg,"John Cena Attacks Randy Orton's Family, Career | FULL SEGMENT | WWE SmackDown 5/9/25 | WWE on USA",WWE on USA,Sports,US,608035,13913,0,3313,0.9999,0.0054,0.35,2025-05-10 03:08:55+00:00,Saturday,3
AD4nWHdpmcU,Il s'est cachÃ© dans le brouillard pour laÂ piÃ©gerÂ ! - FLIPPE & GO SLEEP #7 (ft. Thomas Deseur),Maghla,Entertainment,FR,606331,32638,0,914,1,0.0015,0,2025-05-09 15:00:28+00:00,Friday,15
pOlcRFwEmc0,The all-knowing lie detector | Chris & Jack,Chris and Jack,Comedy,US,606209,76115,0,1733,1,0.0029,0,2025-05-09 13:01:27+00:00,Friday,13
gmpCylInKok,MANGIO per 48H solo CIBO dei CARTONI ANIMATI!!,diEFFE,Comedy,IT,595152,32229,0,637,1,0.0011,0,2025-05-08 12:01:15+00:00,Thursday,12
cFkUAzj4Awg,PSG - Arsenal  2-1 (3-1) Gol & Highlights | Champions League | MIRACOLI DONNARUMMA,Prime Video Sport IT,Sports,IT,587932,5674,0,595,0.9998,0.001,0,2025-05-07 21:08:25+00:00,Wednesday,21
W0gxFusqflA,"VECINO riprende KOLO MUANI al 96', stop TUDOR: Lazio-Juventus 1-1 | Serie A | DAZN Highlights",DAZN Italia,Sports,IT,569505,7202,0,1087,0.9999,0.0019,0,2025-05-10 20:58:06+00:00,Saturday,20
qXOGP9pr-Ik,"Pope Leo XIV's brothers describe growing up with new pontiff, his path to papacy",CBS News,News & Politics,US,566472,8287,0,1005,0.9999,0.0018,0.136,2025-05-09 21:17:14+00:00,Friday,21
R3NDRL730I8,Lâ€™annuncio ed il discorso del nuovo Papa Leone XIV. Il commento di Mentana,TG La7,Entertainment,IT,555743,10131,0,2158,0.9999,0.0039,0,2025-05-08 18:11:33+00:00,Thursday,18
6G9LfDdWkZ8,WARUM SAGST DU SCHW*NZ,Hungriger Hugo,Entertainment,DE,555534,34646,0,392,1,0.0007,0,2025-05-09 12:00:24+00:00,Friday,12
sTE4NUp5e4I,"RÃ©sumÃ© UFC 315 : Saint Denis vs Prepolec, le FranÃ§ais s'est-il relevÃ© ?",RMCSport,Sports,FR,553918,0,0,1582,0,0.0029,0,2025-05-11 03:36:21+00:00,Sunday,3
sK5MD22qdI0,à¤°à¤¾à¤œà¥‡à¤¶à¥à¤µà¤°à¥€ à¤ªà¤¹à¤²à¥€ à¤¬à¤¾à¤° à¤¸à¥ˆà¤« à¤…à¤²à¥€ à¤–à¤¾à¤¨ à¤•à¥‹ à¤¦à¥‡à¤– à¤•à¤° à¤¦à¥€à¤µà¤¾à¤¨à¥€ à¤¹à¥‹ à¤—à¤ˆ | Akshay | Saif Ali | Main Khiladi Tu Anari,Venus Movies,Entertainment,IN,541686,3020,0,107,0.9997,0.0002,0.167,2025-05-09 11:30:42+00:00,Friday,11
kWoEQoRdb3Y,Chi vincerebbe il pallone d'oro ad oggi? âš½ï¸ğŸ¥‡,La Gazzetta dello Sport,Sports,IT,524856,29261,0,527,1,0.001,0,2025-05-06 11:42:00+00:00,Tuesday,11
